SALE TYPE,SOLD DATE,PROPERTY TYPE,ADDRESS,CITY,STATE OR PROVINCE,ZIP OR POSTAL CODE,PRICE,BEDS,BATHS,LOCATION,SQUARE FEET,LOT SIZE,YEAR BUILT,DAYS ON MARKET,$/SQUARE FEET,HOA/MONTH,STATUS,NEXT OPEN HOUSE START TIME,NEXT OPEN HOUSE END TIME,URL (SEE https://www.redfin.com/buy-a-home/comparative-market-analysis FOR INFO ON PRICING),SOURCE,MLS#,FAVORITE,INTERESTED,LATITUDE,LONGITUDE
"In accordance with local MLS rules, some MLS listings are not included in the download"
MLS Listing,,Single Family Residential,5842 N Kingsdale Ave,Chicago,IL,60646,525000,2,2.5,CHI - Forest Glen,,3210,1939,11,,,Active,,,https://www.redfin.com/IL/Chicago/5842-N-Kingsdale-Ave-60646/home/13515188,MRED as Distributed by MLS Grid,12317511,N,Y,41.9864753,-87.7448264
MLS Listing,,Single Family Residential,4249 N Central Park Ave,Chicago,IL,60618,559900,5,3.0,CHI - Irving Park,2700,4726,1908,12,207,,Active,,,https://www.redfin.com/IL/Chicago/4249-N-Central-Park-Ave-60618/home/13485245,MRED as Distributed by MLS Grid,12365111,N,Y,41.9589451,-87.7177119
MLS Listing,,Condo/Co-op,4814 N Damen Ave #201,Chicago,IL,60625,665000,3,2.0,CHI - Lincoln Square,1500,,2005,32,443,497,Active,,,https://www.redfin.com/IL/Chicago/4814-N-Damen-Ave-60625/unit-201/home/12605269,MRED as Distributed by MLS Grid,12337489,N,Y,41.9691349,-87.6794169
MLS Listing,,Other,4020 N Central Ave,Chicago,IL,60634,630000,,,CHI - Portage Park,,7660,1954,40,,,Active,,,https://www.redfin.com/IL/Chicago/4020-N-Central-Ave-60634/home/192990535,MRED as Distributed by MLS Grid,12339872,N,Y,41.9539183,-87.7673989
MLS Listing,,Single Family Residential,4855 N Mason Ave,Chicago,IL,60630,485000,4,2.0,CHI - Jefferson Park,1550,5000,1926,2,313,,Active,,,https://www.redfin.com/IL/Chicago/4855-N-Mason-Ave-60630/home/13500543,MRED as Distributed by MLS Grid,12374454,N,Y,41.9691719,-87.7768291
MLS Listing,,Townhouse,3828 N Wilton Ave,Chicago,IL,60613,700000,3,2.5,CHI - Lake View,,1554,1886,3,,,Active,,,https://www.redfin.com/IL/Chicago/3828-N-Wilton-Ave-60613/home/13383814,MRED as Distributed by MLS Grid,12374304,N,Y,41.95209,-87.6534082
MLS Listing,,Single Family Residential,2062 W Belle Plaine Ave,Chicago,IL,60618,725000,4,3.0,CHI - North Center,1152,136125000,1889,3,629,,Active,,,https://www.redfin.com/IL/Chicago/2062-W-Belle-Plaine-Ave-60618/home/13389898,MRED as Distributed by MLS Grid,12373767,N,Y,41.956152,-87.6813098
MLS Listing,,Single Family Residential,4634 N Hamlin Ave,Chicago,IL,60625,550000,5,2.0,CHI - Albany Park,2016,3125,,3,273,,Active,,,https://www.redfin.com/IL/Chicago/4634-N-Hamlin-Ave-60625/home/13485765,MRED as Distributed by MLS Grid,12372850,N,Y,41.9657454,-87.7233317
MLS Listing,,Multi-Family (2-4 Unit),5006 W Sunnyside Ave,Chicago,IL,60630,599000,6,2.0,CHI - Portage Park,,3780,,3,,,Active,,,https://www.redfin.com/IL/Chicago/5006-W-Sunnyside-Ave-60630/home/195898234,MRED as Distributed by MLS Grid,12373914,N,Y,41.9627241,-87.7528817
MLS Listing,,Condo/Co-op,1800 W Roscoe St #432,Chicago,IL,60657,450000,2,1.0,CHI - North Center,1200,,1919,3,375,517,Active,,,https://www.redfin.com/IL/Chicago/1800-W-Roscoe-St-60657/unit-432/home/13386766,MRED as Distributed by MLS Grid,12369290,N,Y,41.9434833,-87.6747892
MLS Listing,,Condo/Co-op,4150 N Kenmore Ave #206,Chicago,IL,60613,475000,2,2.0,CHI - Uptown,1066,,2008,3,446,315,Active,May-31-2025 01:00 PM,May-31-2025 04:00 PM,https://www.redfin.com/IL/Chicago/4150-N-Kenmore-Ave-60613/unit-206/home/12993606,MRED as Distributed by MLS Grid,12352127,N,Y,41.9580257,-87.6564946
MLS Listing,,Condo/Co-op,3530 N Lake Shore Dr Unit 12B,Chicago,IL,60657,614000,2,2.0,CHI - Lake View,2000,,1924,3,307,2004,Active,,,https://www.redfin.com/IL/Chicago/3530-N-Lake-Shore-Dr-60657/unit-12B/home/13377561,MRED as Distributed by MLS Grid,12373631,N,Y,41.9472359,-87.643085
MLS Listing,,Single Family Residential,4345 N Mcvicker Ave,Chicago,IL,60634,589900,4,2.5,CHI - Portage Park,1822,,1929,3,324,,Active,,,https://www.redfin.com/IL/Chicago/4345-N-McVicker-Ave-60634/home/13473797,MRED as Distributed by MLS Grid,12370864,N,Y,41.9598255,-87.7779478
MLS Listing,,Multi-Family (2-4 Unit),4510 N Menard Ave,Chicago,IL,60630,599500,6,3.0,CHI - Portage Park,,3484,1927,4,,,Active,,,https://www.redfin.com/IL/Chicago/4510-N-Menard-Ave-60630/home/13475423,MRED as Distributed by MLS Grid,12364637,N,Y,41.9626363,-87.7724963
MLS Listing,,Multi-Family (2-4 Unit),5639 W Montrose Ave,Chicago,IL,60634,875000,6,4.5,CHI - Portage Park,,7500,1976,4,,,Active,,,https://www.redfin.com/IL/Chicago/5639-W-Montrose-Ave-60634/home/195886842,MRED as Distributed by MLS Grid,12372167,N,Y,41.9602206,-87.7688345
MLS Listing,,Single Family Residential,5319 W Cullom Ave,Chicago,IL,60641,805000,5,4.0,CHI - Portage Park,3458,3750,1928,4,233,,Active,,,https://www.redfin.com/IL/Chicago/5319-W-Cullom-Ave-60641/home/13478517,MRED as Distributed by MLS Grid,12372004,N,Y,41.9585427,-87.7606271
MLS Listing,,Condo/Co-op,934 W Cuyler Ave Unit 2D,Chicago,IL,60613,460000,2,2.0,CHI - Uptown,1200,,2006,4,383,393,Active,,,https://www.redfin.com/IL/Chicago/934-W-Cuyler-Ave-60613/unit-2D/home/12596903,MRED as Distributed by MLS Grid,12360852,N,Y,41.9558133,-87.6525287
MLS Listing,,Multi-Family (2-4 Unit),5028 N Sawyer Ave,Chicago,IL,60625,610000,5,2.0,CHI - Albany Park,,,1916,5,,,Active,,,https://www.redfin.com/IL/Chicago/5028-N-Sawyer-Ave-60625/home/13493548,MRED as Distributed by MLS Grid,12372332,N,Y,41.9729596,-87.7100984
MLS Listing,,Single Family Residential,3856 N Kenneth Ave,Chicago,IL,60641,650000,3,1.5,CHI - Irving Park,,7500,1893,5,,,Active,,,https://www.redfin.com/IL/Chicago/3856-N-Kenneth-Ave-60641/home/13459543,MRED as Distributed by MLS Grid,12372239,N,Y,41.9515608,-87.7398579
MLS Listing,,Townhouse,3447 N Whipple St,Chicago,IL,60618,825000,4,3.5,CHI - Avondale,,,2007,5,,302,Active,,,https://www.redfin.com/IL/Chicago/3447-N-Whipple-St-60618/home/26805854,MRED as Distributed by MLS Grid,12367326,N,Y,41.9443053,-87.7038355
MLS Listing,,Multi-Family (2-4 Unit),5202 W Winona St,Chicago,IL,60630,589900,4,3.0,Jefferson Park Place,,3175,1927,5,,,Active,,,https://www.redfin.com/IL/Chicago/5202-W-Winona-St-60630/home/13496681,MRED as Distributed by MLS Grid,12368638,N,Y,41.9745141,-87.7580327
MLS Listing,,Multi-Family (2-4 Unit),5712 N Meade Ave,Chicago,IL,60646,649000,6,3.5,CHI - Norwood Park,,3690,1938,5,,,Active,,,https://www.redfin.com/IL/Chicago/5712-N-Meade-Ave-60646/home/13510327,MRED as Distributed by MLS Grid,12371887,N,Y,41.9851826,-87.780672
MLS Listing,,Condo/Co-op,645 W Bittersweet Pl #1,Chicago,IL,60613,645000,3,2.0,CHI - Uptown,1650,,1912,5,391,375,Active,,,https://www.redfin.com/IL/Chicago/645-W-Bittersweet-Pl-60613/unit-1/home/26807820,MRED as Distributed by MLS Grid,12371782,N,Y,41.9554629,-87.6468967
MLS Listing,,Single Family Residential,3915 N Kenneth Ave,Chicago,IL,60641,695000,5,3.5,CHI - Irving Park,3477,4978,1907,5,200,,Active,,,https://www.redfin.com/IL/Chicago/3915-N-Kenneth-Ave-60641/home/13459949,MRED as Distributed by MLS Grid,12332996,N,Y,41.9522437,-87.7389511
MLS Listing,,Single Family Residential,6100 W Byron St,Chicago,IL,60634,594900,4,3.0,CHI - Dunning,2679,4305,1923,5,222,,Active,,,https://www.redfin.com/IL/Chicago/6100-W-Byron-St-60634/home/13467352,MRED as Distributed by MLS Grid,12371691,N,Y,41.9513751,-87.7793375
MLS Listing,,Single Family Residential,5351 N Kimball Ave,Chicago,IL,60625,480000,6,4.0,CHI - North Park,2376,3750,1916,5,202,,Active,,,https://www.redfin.com/IL/Chicago/5351-N-Kimball-Ave-60625/home/13493943,MRED as Distributed by MLS Grid,12369326,N,Y,41.9790239,-87.7133675
MLS Listing,,Single Family Residential,3311 W Belle Plaine Ave,Chicago,IL,60618,869000,4,3.5,CHI - Irving Park,3000,,1912,5,290,,Active,,,https://www.redfin.com/IL/Chicago/3311-W-Belle-Plaine-Ave-60618/home/13483140,MRED as Distributed by MLS Grid,12369922,N,Y,41.955569,-87.7110426
MLS Listing,,Condo/Co-op,4906 N Kenmore Ave Unit 2S,Chicago,IL,60640,625000,3,2.0,CHI - Uptown,,,2024,5,,239,Active,,,https://www.redfin.com/IL/Chicago/4906-N-Kenmore-Ave-60640/unit-2S/home/188829167,MRED as Distributed by MLS Grid,12371380,N,Y,41.9718041,-87.6565927
MLS Listing,,Condo/Co-op,2044 W Roscoe St Unit 2S,Chicago,IL,60618,799000,3,2.5,Roscoe Village,2100,,1995,5,380,265,Active,,,https://www.redfin.com/IL/Chicago/2044-W-Roscoe-St-60618/unit-2S/home/12773413,MRED as Distributed by MLS Grid,12371249,N,Y,41.9434928,-87.6802462
MLS Listing,,Condo/Co-op,2212 W Lawrence Ave Unit 2W,Chicago,IL,60625,615000,3,2.0,CHI - Lincoln Square,1600,,2022,6,384,253,Active,,,https://www.redfin.com/IL/Chicago/2212-W-Lawrence-Ave-60625/unit-2W/home/177887670,MRED as Distributed by MLS Grid,12369622,N,Y,41.9687989,-87.684768
MLS Listing,,Single Family Residential,4141 N Dickinson Ave,Chicago,IL,60641,950000,4,3.5,CHI - Portage Park,4050,4373,1926,7,235,,Active,,,https://www.redfin.com/IL/Chicago/4141-N-Dickinson-Ave-60641/home/13477564,MRED as Distributed by MLS Grid,12369857,N,Y,41.9563053,-87.7517871
MLS Listing,,Single Family Residential,5912 W Grace St,Chicago,IL,60634,624999,5,3.0,CHI - Portage Park,3028,3811,1926,7,206,,Active,,,https://www.redfin.com/IL/Chicago/5912-W-Grace-St-60634/home/13465616,MRED as Distributed by MLS Grid,12369689,N,Y,41.9496454,-87.7748506
MLS Listing,,Other,5728 W Higgins Ave,Chicago,IL,60630,707000,,,CHI - Jefferson Park,2400,3750,1952,7,295,,Active,,,https://www.redfin.com/IL/Chicago/5728-W-Higgins-Ave-60630/home/13501771,MRED as Distributed by MLS Grid,12362646,N,Y,41.9716215,-87.7717058
MLS Listing,,Vacant Land,3642 N Ashland Ave,Chicago,IL,60613,500000,,,CHI - Lake View,,2700,,10,,,Active,,,https://www.redfin.com/IL/Chicago/3642-N-Ashland-Ave-60613/home/193582365,MRED as Distributed by MLS Grid,12367930,N,Y,41.9482765,-87.669267
MLS Listing,,Multi-Family (2-4 Unit),4129 N Saint Louis Ave,Chicago,IL,60618,1125000,10,4.0,CHI - Irving Park,,3125,1928,11,,,Active,,,https://www.redfin.com/IL/Chicago/4129-N-Saint-Louis-Ave-60618/home/13483115,MRED as Distributed by MLS Grid,12365690,N,Y,41.9565391,-87.7151576
MLS Listing,,Multi-Family (2-4 Unit),4870 N Magnolia Ave,Chicago,IL,60640,800000,6,3.0,CHI - Uptown,,4500,1900,11,,,Active,,,https://www.redfin.com/IL/Chicago/4870-N-Magnolia-Ave-60640/home/192659919,MRED as Distributed by MLS Grid,12355565,N,Y,41.9710315,-87.661408
MLS Listing,,Multi-Family (2-4 Unit),4222 N Bernard St,Chicago,IL,60618,1099500,6,4.0,CHI - Irving Park,,3125,2021,11,,,Active,,,https://www.redfin.com/IL/Chicago/4222-N-Bernard-St-60618/home/13484890,MRED as Distributed by MLS Grid,12366580,N,Y,41.9582304,-87.7145555
MLS Listing,,Condo/Co-op,1346 W Sunnyside Ave Unit 2A,Chicago,IL,60640,575000,2,2.0,CHI - Uptown,1399,,2022,11,411,265,Active,,,https://www.redfin.com/IL/Chicago/1346-W-Sunnyside-Ave-60640/unit-2A/home/179391584,MRED as Distributed by MLS Grid,12363956,N,Y,41.9636498,-87.6641798
MLS Listing,,Single Family Residential,5813 W Eastwood Ave,Chicago,IL,60630,599000,6,3.0,CHI - Portage Park,1671,3761,1928,11,358,,Active,,,https://www.redfin.com/IL/Chicago/5813-W-Eastwood-Ave-60630/home/13476500,MRED as Distributed by MLS Grid,12363237,N,Y,41.9647865,-87.7729014
MLS Listing,,Single Family Residential,3818 N Christiana Ave,Chicago,IL,60618,949999,4,3.5,CHI - Irving Park,3600,3125,1906,11,264,,Active,,,https://www.redfin.com/IL/Chicago/3818-N-Christiana-Ave-60618/home/183860539,MRED as Distributed by MLS Grid,12366412,N,Y,41.9508361,-87.7118598
MLS Listing,,Condo/Co-op,1346 W Sunnyside Ave Unit 2B,Chicago,IL,60640,575000,2,2.0,CHI - Uptown,1200,,2021,11,479,265,Active,,,https://www.redfin.com/IL/Chicago/1346-W-Sunnyside-Ave-60640/unit-2B/home/179804574,MRED as Distributed by MLS Grid,12359327,N,Y,41.9636384,-87.6641714
MLS Listing,,Single Family Residential,4525 N Keystone Ave,Chicago,IL,60630,659900,4,3.5,Albany Park Commons,3000,3136,1912,11,220,,Active,,,https://www.redfin.com/IL/Chicago/4525-N-Keystone-Ave-60630/home/13481524,MRED as Distributed by MLS Grid,12366269,N,Y,41.9633192,-87.7288539
MLS Listing,,Single Family Residential,1534 W Henderson St,Chicago,IL,60657,1250000,3,3.5,CHI - Lake View,,3125,1891,11,,,Active,,,https://www.redfin.com/IL/Chicago/1534-W-Henderson-St-60657/home/13382017,MRED as Distributed by MLS Grid,12359839,N,Y,41.9426542,-87.6676927
MLS Listing,,Single Family Residential,4328 N Ridgeway Ave,Chicago,IL,60618,889000,4,3.5,CHI - Irving Park,,4687,1898,11,,,Active,,,https://www.redfin.com/IL/Chicago/4328-N-Ridgeway-Ave-60618/home/13485053,MRED as Distributed by MLS Grid,12362780,N,Y,41.9600837,-87.7219571
MLS Listing,,Single Family Residential,4141 N Meade Ave,Chicago,IL,60634,635000,6,3.0,CHI - Portage Park,,3720,1924,12,,,Active,,,https://www.redfin.com/IL/Chicago/4141-N-Meade-Ave-60634/home/183697880,MRED as Distributed by MLS Grid,12362683,N,Y,41.9560686,-87.7790574
MLS Listing,,Condo/Co-op,847 W Ainslie St Unit 3E,Chicago,IL,60640,739000,3,2.0,CHI - Uptown,1529,,1913,12,483,235,Active,,,https://www.redfin.com/IL/Chicago/847-W-Ainslie-St-60640/unit-3E/home/195809385,MRED as Distributed by MLS Grid,12365414,N,Y,41.971382,-87.6521924
MLS Listing,,Condo/Co-op,847 W Ainslie St Unit 3W,Chicago,IL,60640,729000,3,2.0,CHI - Uptown,1529,,1913,12,477,235,Active,,,https://www.redfin.com/IL/Chicago/847-W-Ainslie-St-60640/unit-3W/home/195809539,MRED as Distributed by MLS Grid,12365528,N,Y,41.971382,-87.6521924
MLS Listing,,Single Family Residential,5524 W Byron St,Chicago,IL,60641,879000,5,4.5,CHI - Portage Park,3452,,1922,12,255,,Active,,,https://www.redfin.com/IL/Chicago/5524-W-Byron-St-60641/home/13462786,MRED as Distributed by MLS Grid,12365589,N,Y,41.9515603,-87.7656092
MLS Listing,,Single Family Residential,1808 W Summerdale Ave,Chicago,IL,60640,1199900,4,3.5,Bowmanville,3600,3136,1917,12,333,,Active,,,https://www.redfin.com/IL/Chicago/1808-W-Summerdale-Ave-60640/home/13405269,MRED as Distributed by MLS Grid,12356358,N,Y,41.979024,-87.675288
MLS Listing,,Single Family Residential,4414 N Monitor Ave,Chicago,IL,60630,574999,6,4.0,CHI - Portage Park,1450,3750,1921,12,397,,Active,,,https://www.redfin.com/IL/Chicago/4414-N-Monitor-Ave-60630/home/13474461,MRED as Distributed by MLS Grid,12365537,N,Y,41.9609127,-87.77366
MLS Listing,,Condo/Co-op,4170 N Marine Dr Unit 23E,Chicago,IL,60613,635000,2,2.0,CHI - Uptown,1400,,1974,12,454,915,Active,,,https://www.redfin.com/IL/Chicago/4170-N-Marine-Dr-60613/unit-23E/home/13394577,MRED as Distributed by MLS Grid,12352382,N,Y,41.9576338,-87.647048
MLS Listing,,Condo/Co-op,3414 N Seminary Ave #1,Chicago,IL,60657,799900,3,2.5,CHI - Lake View,,,2017,12,,350,Active,,,https://www.redfin.com/IL/Chicago/3414-N-Seminary-Ave-60657/unit-1/home/13381796,MRED as Distributed by MLS Grid,12356699,N,Y,41.9440373,-87.6568992
MLS Listing,,Townhouse,3842 N Alta Vista Ter,Chicago,IL,60613,700000,2,2.5,CHI - Lake View,2275,912,1903,12,308,,Active,,,https://www.redfin.com/IL/Chicago/3842-N-Alta-Vista-Ter-60613/home/13383102,MRED as Distributed by MLS Grid,12350809,N,Y,41.9523582,-87.6567065
MLS Listing,,Single Family Residential,4170 W Cornelia Ave,Chicago,IL,60641,499000,3,2.0,CHI - Irving Park,1500,2800,1891,13,333,,Active,,,https://www.redfin.com/IL/Chicago/4170-W-Cornelia-Ave-60641/home/13457122,MRED as Distributed by MLS Grid,12364651,N,Y,41.9450456,-87.7318885
MLS Listing,,Single Family Residential,5019 N Kostner Ave,Chicago,IL,60630,695000,8,3.0,CHI - Albany Park,3837,5079,1922,13,181,,Active,,,https://www.redfin.com/IL/Chicago/5019-N-Kostner-Ave-60630/home/13496418,MRED as Distributed by MLS Grid,12362686,N,Y,41.9724193,-87.7377257
MLS Listing,,Single Family Residential,4038 W Addison St,Chicago,IL,60641,779000,5,3.5,CHI - Irving Park,3651,3125,2005,13,213,,Active,,,https://www.redfin.com/IL/Chicago/4038-W-Addison-St-60641/home/12591274,MRED as Distributed by MLS Grid,12361938,N,Y,41.9464897,-87.7290834
MLS Listing,,Condo/Co-op,3530 N Lincoln Ave #404,Chicago,IL,60657,659000,2,2.0,CHI - Lake View,,,2020,13,,328,Active,,,https://www.redfin.com/IL/Chicago/3530-N-Lincoln-Ave-60657/unit-404/home/185207460,MRED as Distributed by MLS Grid,12360986,N,Y,41.9459745,-87.6731947
MLS Listing,,Townhouse,5127 N Damen Ave Unit B,Chicago,IL,60625,650000,3,2.5,Winnemac Manor,2000,,2003,13,325,207,Active,,,https://www.redfin.com/IL/Chicago/5127-N-Damen-Ave-60625/unit-B/home/12593933,MRED as Distributed by MLS Grid,12360208,N,Y,41.9755503,-87.6789547
MLS Listing,,Vacant Land,4242 N Cicero Ave,Chicago,IL,60641,774900,,,CHI - Portage Park,,11250,,13,,,Active,,,https://www.redfin.com/IL/Chicago/4242-N-Cicero-Ave-60641/home/184002470,MRED as Distributed by MLS Grid,12364191,N,Y,41.9584142,-87.7477685
MLS Listing,,Condo/Co-op,3641 N Ashland Ave Unit 4N,Chicago,IL,60613,625000,3,2.0,CHI - Lake View,1680,,2007,13,372,415,Active,,,https://www.redfin.com/IL/Chicago/3641-N-Ashland-Ave-60613/unit-4N/home/22220622,MRED as Distributed by MLS Grid,12363619,N,Y,41.948283,-87.6684949
MLS Listing,,Multi-Family (2-4 Unit),5028 N Major Ave,Chicago,IL,60630,778900,8,3.0,CHI - Jefferson Park,,3484,1918,14,,,Active,,,https://www.redfin.com/IL/Chicago/5028-N-Major-Ave-60630/home/13500899,MRED as Distributed by MLS Grid,12362807,N,Y,41.9731608,-87.7712875
MLS Listing,,Multi-Family (2-4 Unit),5010 W Grace St,Chicago,IL,60641,699000,7,3.0,CHI - Portage Park,,3920,1912,14,,,Active,,,https://www.redfin.com/IL/Chicago/5010-W-Grace-St-60641/home/183989141,MRED as Distributed by MLS Grid,12362698,N,Y,41.9499251,-87.7526813
MLS Listing,,Multi-Family (2-4 Unit),3322 W Pensacola Ave,Chicago,IL,60618,695000,6,3.0,CHI - Irving Park,,3484,1911,14,,,Active,,,https://www.redfin.com/IL/Chicago/3322-W-Pensacola-Ave-60618/home/195777983,MRED as Distributed by MLS Grid,12359866,N,Y,41.9604698,-87.7116235
MLS Listing,,Condo/Co-op,4536 N Sheridan Rd #104,Chicago,IL,60640,450000,2,2.0,CHI - Uptown,,,,17,,335,Active,,,https://www.redfin.com/IL/Chicago/4536-N-Sheridan-Rd-60640/unit-104/home/12802351,MRED as Distributed by MLS Grid,12361441,N,Y,41.9647342,-87.6550535
MLS Listing,,Condo/Co-op,4170 N Marine Dr Unit 6L,Chicago,IL,60613,475000,3,2.0,The Waterford,1600,,1974,17,297,1150,Active,,,https://www.redfin.com/IL/Chicago/4170-N-Marine-Dr-60613/unit-6L/home/13395994,MRED as Distributed by MLS Grid,12361178,N,Y,41.9576338,-87.647048
MLS Listing,,Other,4758 N Ashland Ave,Chicago,IL,60640,1250000,,,CHI - Uptown,4808,2464,1924,18,260,,Active,,,https://www.redfin.com/IL/Chicago/4758-N-Ashland-Ave-60640/home/13392237,MRED as Distributed by MLS Grid,12360539,N,Y,41.968721,-87.669744
MLS Listing,,Other,3702 N Kedzie Ave,Chicago,IL,60618,530000,,,CHI - Irving Park,,3700,1933,18,,,Active,,,https://www.redfin.com/IL/Chicago/3702-N-Kedzie-Ave-60618/home/13455087,MRED as Distributed by MLS Grid,12359278,N,Y,41.948656,-87.7081876
MLS Listing,,Multi-Family (2-4 Unit),3045 W Eastwood Ave,Chicago,IL,60625,699900,7,3.0,CHI - Albany Park,,,1917,18,,,Active,,,https://www.redfin.com/IL/Chicago/3045-W-Eastwood-Ave-60625/home/13489248,MRED as Distributed by MLS Grid,12357366,N,Y,41.9654271,-87.705317
MLS Listing,,Single Family Residential,5941 W Warwick Ave,Chicago,IL,60634,550000,4,2.0,CHI - Portage Park,,3750,1924,18,,,Active,,,https://www.redfin.com/IL/Chicago/5941-W-Warwick-Ave-60634/home/13465690,MRED as Distributed by MLS Grid,12319020,N,Y,41.948322,-87.775799
MLS Listing,,Single Family Residential,4313 N Ashland Ave,Chicago,IL,60613,910000,3,2.5,CHI - Lake View,2448,3750,1903,19,372,,Active,,,https://www.redfin.com/IL/Chicago/4313-N-Ashland-Ave-60613/home/13393108,MRED as Distributed by MLS Grid,12193806,N,Y,41.9602707,-87.6688818
MLS Listing,,Multi-Family (2-4 Unit),3801 N Albany Ave,Chicago,IL,60618,650000,11,13.0,CHI - Irving Park,,3750,1914,19,,,Active,,,https://www.redfin.com/IL/Chicago/3801-N-Albany-Ave-60618/home/195438025,MRED as Distributed by MLS Grid,12359479,N,Y,41.9504288,-87.7052064
MLS Listing,,Single Family Residential,4218 N California Ave,Chicago,IL,60618,900000,4,3.5,CHI - Irving Park,3200,4125,,19,281,,Active,,,https://www.redfin.com/IL/Chicago/4218-N-California-Ave-60618/home/13487466,MRED as Distributed by MLS Grid,12346890,N,Y,41.9582385,-87.6987282
MLS Listing,,Single Family Residential,4443 N Francisco Ave,Chicago,IL,60625,1200000,3,2.5,CHI - Albany Park,2400,3750,1914,19,500,,Active,,,https://www.redfin.com/IL/Chicago/4443-N-Francisco-Ave-60625/home/13489402,MRED as Distributed by MLS Grid,12358383,N,Y,41.9624941,-87.7006762
MLS Listing,,Condo/Co-op,3951 N Wayne Ave #405,Chicago,IL,60613,1179999,3,2.0,CHI - Lake View,1783,,2025,19,662,500,Active,,,https://www.redfin.com/IL/Chicago/3951-N-Wayne-Ave-60613/unit-405/home/195633085,MRED as Distributed by MLS Grid,12357587,N,Y,41.9538028,-87.6631402
MLS Listing,,Other,2919 W Irving Park Rd,Chicago,IL,60618,649000,,,CHI - Irving Park,3300,3125,1965,20,197,,Active,,,https://www.redfin.com/IL/Chicago/2919-W-Irving-Park-Rd-60618/home/194903535,MRED as Distributed by MLS Grid,12358033,N,Y,41.9537207,-87.7015025
MLS Listing,,Townhouse,4879 N Winthrop Ave Unit D,Chicago,IL,60640,699500,3,2.5,CHI - Uptown,,1235,2007,20,,,Active,,,https://www.redfin.com/IL/Chicago/4879-N-Winthrop-Ave-60640/unit-D/home/26807668,MRED as Distributed by MLS Grid,12357335,N,Y,41.9713791,-87.6574001
MLS Listing,,Condo/Co-op,3740 N Kenmore Ave #2,Chicago,IL,60613,709900,2,2.0,CHI - Lake View,1100,,2015,21,645,142,Active,,,https://www.redfin.com/IL/Chicago/3740-N-Kenmore-Ave-60613/unit-2/home/144509673,MRED as Distributed by MLS Grid,12356470,N,Y,41.9502717,-87.6558995
MLS Listing,,Condo/Co-op,920 W Sheridan Rd #305,Chicago,IL,60613,539900,2,2.0,CHI - Lake View,1550,,1999,21,348,353,Active,,,https://www.redfin.com/IL/Chicago/920-W-Sheridan-Rd-60613/unit-305/home/12793573,MRED as Distributed by MLS Grid,12351504,N,Y,41.952999,-87.6531189
MLS Listing,,Condo/Co-op,1215 W Gunnison St #205,Chicago,IL,60640,575000,2,2.0,CHI - Uptown,1700,,1939,21,338,495,Active,,,https://www.redfin.com/IL/Chicago/1215-W-Gunnison-St-60640/unit-205/home/18918606,MRED as Distributed by MLS Grid,12356411,N,Y,41.9700224,-87.660044
MLS Listing,,Condo/Co-op,3800 N Lake Shore Dr Unit 5E,Chicago,IL,60613,525000,3,2.0,CHI - Lake View,2150,,1927,21,244,1759,Active,,,https://www.redfin.com/IL/Chicago/3800-N-Lake-Shore-Dr-60613/unit-5E/home/13378454,MRED as Distributed by MLS Grid,12356269,N,Y,41.9526561,-87.6454928
MLS Listing,,Condo/Co-op,3755 N Wilton Ave Unit 3SE,Chicago,IL,60613,525000,2,2.0,CHI - Lake View,1569,,1999,23,335,430,Active,,,https://www.redfin.com/IL/Chicago/3755-N-Wilton-Ave-60613/unit-3SE/home/192800115,MRED as Distributed by MLS Grid,12355448,N,Y,41.9507031,-87.6529083
MLS Listing,,Other,4435 N Elston Ave,Chicago,IL,60630,700777,,,CHI - Albany Park,,3125,1910,24,,,Active,,,https://www.redfin.com/IL/Chicago/4435-N-Elston-Ave-60630/home/13480958,MRED as Distributed by MLS Grid,12355276,N,Y,41.9617401,-87.7304092
MLS Listing,,Single Family Residential,5138 N Kolmar Ave,Chicago,IL,60630,674900,4,4.0,North Mayfair,2700,4168,1928,24,250,,Active,,,https://www.redfin.com/IL/Chicago/5138-N-Kolmar-Ave-60630/home/13497666,MRED as Distributed by MLS Grid,12343127,N,Y,41.9746954,-87.742179
MLS Listing,,Multi-Family (2-4 Unit),4612 N Claremont Ave,Chicago,IL,60625,995000,5,3.0,CHI - Lincoln Square,,3125,1908,24,,,Active,,,https://www.redfin.com/IL/Chicago/4612-N-Claremont-Ave-60625/home/13392400,MRED as Distributed by MLS Grid,12326065,N,Y,41.9653465,-87.6878779
MLS Listing,,Single Family Residential,4336 N Troy St,Chicago,IL,60618,985000,6,3.5,CHI - Irving Park,3900,3750,1923,25,253,,Active,,,https://www.redfin.com/IL/Chicago/4336-N-Troy-St-60618/home/13489418,MRED as Distributed by MLS Grid,12351691,N,Y,41.9604614,-87.7073126
MLS Listing,,Condo/Co-op,3725 N Kenmore Ave #1,Chicago,IL,60613,869000,3,3.0,CHI - Lake View,2411,,2002,25,360,250,Active,,,https://www.redfin.com/IL/Chicago/3725-N-Kenmore-Ave-60613/unit-1/home/12707960,MRED as Distributed by MLS Grid,12353375,N,Y,41.9498043,-87.6553333
MLS Listing,,Single Family Residential,4014 N Kimball Ave,Chicago,IL,60618,899000,4,3.5,CHI - Irving Park,3010,,2024,25,299,,Active,,,https://www.redfin.com/IL/Chicago/4014-N-Kimball-Ave-60618/home/13483831,MRED as Distributed by MLS Grid,12353477,N,Y,41.9544033,-87.7131949
MLS Listing,,Multi-Family (2-4 Unit),4606 N Saint Louis Ave,Chicago,IL,60625,575000,7,3.0,CHI - Albany Park,,4625,1910,25,,,Active,,,https://www.redfin.com/IL/Chicago/4606-N-Saint-Louis-Ave-60625/home/195575354,MRED as Distributed by MLS Grid,12353471,N,Y,41.9650468,-87.715978
MLS Listing,,Single Family Residential,3829 N Kilbourn Ave,Chicago,IL,60641,600000,3,2.0,CHI - Irving Park,1539,7500,1905,25,390,,Active,,,https://www.redfin.com/IL/Chicago/3829-N-Kilbourn-Ave-60641/home/13460366,MRED as Distributed by MLS Grid,12347583,N,Y,41.9507394,-87.7406167
MLS Listing,,Single Family Residential,5205 W Olive Ave,Chicago,IL,60646,649000,4,2.5,CHI - Jefferson Park,2483,3196,2013,25,261,185,Active,,,https://www.redfin.com/IL/Chicago/5205-W-Olive-Ave-60646/home/45485224,MRED as Distributed by MLS Grid,12353082,N,Y,41.9838264,-87.7595338
MLS Listing,,Multi-Family (2-4 Unit),2521 W Farragut Ave,Chicago,IL,60625,649000,4,3.5,CHI - Lincoln Square,,3750,1953,25,,,Active,,,https://www.redfin.com/IL/Chicago/2521-W-Farragut-Ave-60625/home/13491809,MRED as Distributed by MLS Grid,12352881,N,Y,41.9765559,-87.693318
MLS Listing,,Condo/Co-op,4250 N Marine Dr #1622,Chicago,IL,60613,514289,4,3.0,CHI - Uptown,2750,,1964,26,187,1803,Active,,,https://www.redfin.com/IL/Chicago/4250-N-Marine-Dr-60613/unit-1622/home/13396854,MRED as Distributed by MLS Grid,12352756,N,Y,41.9598817,-87.6475446
MLS Listing,,Single Family Residential,3723 N Wolcott Ave,Chicago,IL,60613,899000,3,1.5,CHI - North Center,,2916,1888,26,,13,Active,,,https://www.redfin.com/IL/Chicago/3723-N-Wolcott-Ave-60613/home/12574745,MRED as Distributed by MLS Grid,12351554,N,Y,41.9494574,-87.6759697
MLS Listing,,Single Family Residential,4240 N Lawndale Ave,Chicago,IL,60618,499500,4,3.0,Westwalker,2157,4750,1929,26,232,,Active,,,https://www.redfin.com/IL/Chicago/4240-N-Lawndale-Ave-60618/home/13484776,MRED as Distributed by MLS Grid,12352633,N,Y,41.9586352,-87.7206888
MLS Listing,,Townhouse,1140 W Newport Ave Unit H,Chicago,IL,60657,649777,2,2.0,CHI - Lake View,1350,,1990,26,481,,Active,,,https://www.redfin.com/IL/Chicago/1140-W-Newport-Ave-60657/unit-H/home/13381450,MRED as Distributed by MLS Grid,12352599,N,Y,41.9446933,-87.6582068
MLS Listing,,Multi-Family (2-4 Unit),5618 N Saint Louis Ave,Chicago,IL,60659,699000,7,4.0,CHI - North Park,,3125,1954,26,,,Active,,,https://www.redfin.com/IL/Chicago/5618-N-Saint-Louis-Ave-60659/home/195558640,MRED as Distributed by MLS Grid,12352073,N,Y,41.9835586,-87.716492
MLS Listing,,Single Family Residential,5141 W Dakin St,Chicago,IL,60641,824999,4,3.5,CHI - Portage Park,3600,3125,1921,26,229,,Active,,,https://www.redfin.com/IL/Chicago/5141-W-Dakin-St-60641/home/13462874,MRED as Distributed by MLS Grid,12351943,N,Y,41.952139,-87.7563036
MLS Listing,,Single Family Residential,4130 N Mango Ave,Chicago,IL,60634,870000,5,3.5,CHI - Portage Park,3516,4251,,26,247,,Active,,,https://www.redfin.com/IL/Chicago/4130-N-Mango-Ave-60634/home/13473271,MRED as Distributed by MLS Grid,12351033,N,Y,41.9559233,-87.7710686
MLS Listing,,Single Family Residential,4025 N Menard Ave,Chicago,IL,60634,849900,6,3.0,CHI - Portage Park,3659,,1923,28,232,,Active,,,https://www.redfin.com/IL/Chicago/4025-N-Menard-Ave-60634/home/13473177,MRED as Distributed by MLS Grid,12291610,N,Y,41.9539396,-87.771638
MLS Listing,,Multi-Family (2-4 Unit),5508 W Berenice Ave,Chicago,IL,60641,710000,6,3.0,CHI - Portage Park,,3690,1929,30,,,Active,,,https://www.redfin.com/IL/Chicago/5508-W-Berenice-Ave-60641/home/13462775,MRED as Distributed by MLS Grid,12347642,N,Y,41.9506836,-87.764931
MLS Listing,,Single Family Residential,4143 N Drake Ave,Chicago,IL,60618,774999,4,2.0,CHI - Irving Park,1400,3750,1903,31,554,,Active,,,https://www.redfin.com/IL/Chicago/4143-N-Drake-Ave-60618/home/13482821,MRED as Distributed by MLS Grid,12339600,N,Y,41.9569284,-87.7164216
MLS Listing,,Condo/Co-op,3920 N Lake Shore Dr Unit 3S,Chicago,IL,60613,625000,3,3.5,CHI - Lake View,3000,,1927,32,208,4654,Active,,,https://www.redfin.com/IL/Chicago/3920-N-Lake-Shore-Dr-60613/unit-3S/home/192239257,MRED as Distributed by MLS Grid,12347591,N,Y,41.9536261,-87.6460099
MLS Listing,,Single Family Residential,4645 N Leamington Ave,Chicago,IL,60630,495000,4,1.5,CHI - Portage Park,,3750,1914,32,,,Active,,,https://www.redfin.com/IL/Chicago/4645-N-Leamington-Ave-60630/home/13478416,MRED as Distributed by MLS Grid,12344531,N,Y,41.9656155,-87.7559426
MLS Listing,,Single Family Residential,4132 N Keeler Ave,Chicago,IL,60641,1049000,5,3.0,CHI - Irving Park,,7801,1865,32,,,Active,,,https://www.redfin.com/IL/Chicago/4132-N-Keeler-Ave-60641/home/13481077,MRED as Distributed by MLS Grid,12304478,N,Y,41.9564141,-87.7329092
MLS Listing,,Multi-Family (2-4 Unit),5413 N Artesian Ave,Chicago,IL,60625,789000,6,4.0,CHI - Lincoln Square,,3750,1926,33,,,Active,,,https://www.redfin.com/IL/Chicago/5413-N-Artesian-Ave-60625/home/13491418,MRED as Distributed by MLS Grid,12346576,N,Y,41.9799017,-87.6902448
MLS Listing,,Condo/Co-op,847 W Ainslie St Unit 1E,Chicago,IL,60640,679000,3,2.0,CHI - Uptown,1475,,1913,33,460,235,Active,,,https://www.redfin.com/IL/Chicago/847-W-Ainslie-St-60640/unit-1E/home/195484637,MRED as Distributed by MLS Grid,12345176,N,Y,41.971382,-87.6521924
MLS Listing,,Single Family Residential,5301 W Berteau Ave,Chicago,IL,60641,749000,6,3.5,CHI - Portage Park,2549,,,33,294,,Active,,,https://www.redfin.com/IL/Chicago/5301-W-Berteau-Ave-60641/home/192562019,MRED as Distributed by MLS Grid,12345797,N,Y,41.9567018,-87.7598963
MLS Listing,,Multi-Family (2-4 Unit),4229 N Kedzie Ave,Chicago,IL,60618,529000,5,2.5,CHI - Irving Park,,3500,,33,,,Active,,,https://www.redfin.com/IL/Chicago/4229-N-Kedzie-Ave-60618/home/195287424,MRED as Distributed by MLS Grid,12346157,N,Y,41.9584612,-87.7078879
MLS Listing,,Single Family Residential,4048 N Marmora Ave,Chicago,IL,60630,475000,7,3.0,CHI - Portage Park,1814,3750,1929,33,262,,Active,,,https://www.redfin.com/IL/Chicago/4048-N-Marmora-Ave-60634/home/192052486,MRED as Distributed by MLS Grid,12346144,N,Y,41.9545557,-87.7746605
MLS Listing,,Single Family Residential,4356 N Kostner Ave,Chicago,IL,60641,725000,5,3.0,CHI - Irving Park,2976,4647,,33,244,,Active,,,https://www.redfin.com/IL/Chicago/4356-N-Kostner-Ave-60641/home/13481821,MRED as Distributed by MLS Grid,12345908,N,Y,41.9606833,-87.7387598
MLS Listing,,Multi-Family (2-4 Unit),5107 W Strong St,Chicago,IL,60630,579900,5,3.0,CHI - Jefferson Park,,,1926,33,,,Active,,,https://www.redfin.com/IL/Chicago/5107-W-Strong-St-60630/home/13496047,MRED as Distributed by MLS Grid,12345745,N,Y,41.9704805,-87.7554762
MLS Listing,,Multi-Family (2-4 Unit),5343 N Magnet Ave,Chicago,IL,60630,579000,4,2.0,CHI - Jefferson Park,,10890,1923,33,,,Active,,,https://www.redfin.com/IL/Chicago/5343-N-Magnet-Ave-60630/home/13502561,MRED as Distributed by MLS Grid,12301011,N,Y,41.9781563,-87.771129
MLS Listing,,Single Family Residential,5831 W Giddings St,Chicago,IL,60630,509000,4,2.0,CHI - Portage Park,,5000,1956,35,,,Active,,,https://www.redfin.com/IL/Chicago/5831-W-Giddings-St-60630/home/13476158,MRED as Distributed by MLS Grid,12336015,N,Y,41.9665847,-87.7736536
MLS Listing,,Multi-Family (2-4 Unit),5015 N Kimberly Ave,Chicago,IL,60630,825000,11,4.0,CHI - Albany Park,,3425,1908,37,,,Active,,,https://www.redfin.com/IL/Chicago/5015-N-Kimberly-Ave-60630/home/183788907,MRED as Distributed by MLS Grid,12339843,N,Y,41.9716253,-87.7448058
MLS Listing,,Townhouse,3801 N Milwaukee Ave Unit H,Chicago,IL,60641,550000,3,2.5,Old Irving Village,2300,,1999,38,239,410,Active,,,https://www.redfin.com/IL/Chicago/3801-N-Milwaukee-Ave-60641/unit-H/home/12775927,MRED as Distributed by MLS Grid,12342551,N,Y,41.9501248,-87.7413085
MLS Listing,,Condo/Co-op,3750 N Lake Shore Dr Unit 2C,Chicago,IL,60613,580000,3,3.0,CHI - Lake View,2200,,1926,38,264,1985,Active,,,https://www.redfin.com/IL/Chicago/3750-N-Lake-Shore-Dr-60613/unit-2C/home/178672751,MRED as Distributed by MLS Grid,12340255,N,Y,41.9519419,-87.6453426
MLS Listing,,Condo/Co-op,5455 N Sheridan Rd Unit 3601-3602,Chicago,IL,60640,659000,3,3.5,CHI - Edgewater,2685,,1969,38,245,2960,Active,May-31-2025 12:00 PM,May-31-2025 01:30 PM,https://www.redfin.com/IL/Chicago/5455-N-Sheridan-Rd-60640/home/13400291,MRED as Distributed by MLS Grid,12326732,N,Y,41.9817099,-87.6548538
MLS Listing,,Other,4854 W Addison St,Chicago,IL,60641,650000,,,CHI - Portage Park,4072,4032,1937,40,160,,Active,,,https://www.redfin.com/IL/Chicago/4854-W-Addison-St-60641/home/195238622,MRED as Distributed by MLS Grid,12320192,N,Y,41.9463283,-87.7492472
MLS Listing,,Single Family Residential,4616 N Kostner Ave,Chicago,IL,60630,699000,4,2.0,CHI - Irving Park,2900,3650,1908,40,241,,Active,,,https://www.redfin.com/IL/Chicago/4616-N-Kostner-Ave-60630/home/13483051,MRED as Distributed by MLS Grid,12340368,N,Y,41.9650496,-87.7388719
MLS Listing,,Single Family Residential,5801 N Drake Ave,Chicago,IL,60659,899995,6,4.0,CHI - North Park,3627,7375,,40,248,,Active,,,https://www.redfin.com/IL/Chicago/5801-N-Drake-Ave-60659/home/13515522,MRED as Distributed by MLS Grid,12339487,N,Y,41.9867923,-87.717247
MLS Listing,,Other,5620 N Western Ave,Chicago,IL,60659,1199000,,,CHI - West Ridge,4800,9375,1938,41,250,,Active,,,https://www.redfin.com/IL/Chicago/5620-N-Western-Ave-60659/home/183667121,MRED as Distributed by MLS Grid,12339360,N,Y,41.9838341,-87.6897539
MLS Listing,,Condo/Co-op,1122 W Newport Ave Unit 1A,Chicago,IL,60657,624900,2,2.0,CHI - Lake View,1800,,1922,41,347,490,Active,,,https://www.redfin.com/IL/Chicago/1122-W-Newport-Ave-60657/unit-1A/home/13382638,MRED as Distributed by MLS Grid,12339005,N,Y,41.9446201,-87.6577694
MLS Listing,,Condo/Co-op,3024 W Irving Park Rd Unit 1S,Chicago,IL,60618,749000,3,2.5,CHI - Irving Park,1800,,2021,46,416,200,Active,,,https://www.redfin.com/IL/Chicago/3024-W-Irving-Park-Rd-60618/unit-1S/home/194393878,MRED as Distributed by MLS Grid,12335517,N,Y,41.9541902,-87.7041829
MLS Listing,,Single Family Residential,5736 N Kerbs Ave,Chicago,IL,60646,699000,4,2.5,CHI - Forest Glen,2452,3210,1943,46,285,,Active,,,https://www.redfin.com/IL/Chicago/5736-N-Kerbs-Ave-60646/home/13514123,MRED as Distributed by MLS Grid,12333638,N,Y,41.9854146,-87.7429876
MLS Listing,,Single Family Residential,5423 N Sawyer Ave,Chicago,IL,60625,594000,4,2.0,CHI - North Park,1100,3125,,47,540,,Active,,,https://www.redfin.com/IL/Chicago/5423-N-Sawyer-Ave-60625/home/13494293,MRED as Distributed by MLS Grid,12313529,N,Y,41.9801352,-87.7096965
MLS Listing,,Condo/Co-op,4343 N Richmond Ave Unit 3N,Chicago,IL,60618,799000,3,2.0,CHI - Irving Park,1978,,2025,49,404,250,Active,,,https://www.redfin.com/IL/Chicago/4343-N-Richmond-St-60618/unit-3N/home/195277539,MRED as Distributed by MLS Grid,12317332,N,Y,41.9605706,-87.7018367
MLS Listing,,Multi-Family (2-4 Unit),3506 N Damen Ave,Chicago,IL,60618,880000,6,4.0,CHI - North Center,,3049,1891,54,,,Active,,,https://www.redfin.com/IL/Chicago/3506-N-Damen-Ave-60618/home/13387191,MRED as Distributed by MLS Grid,12328139,N,Y,41.9452946,-87.6787678
MLS Listing,,Single Family Residential,4115 N Ridgeway Ave,Chicago,IL,60618,925000,5,3.5,CHI - Irving Park,3800,4625,1904,55,243,,Active,,,https://www.redfin.com/IL/Chicago/4115-N-Ridgeway-Ave-60618/home/13483650,MRED as Distributed by MLS Grid,12327003,N,Y,41.9560873,-87.7212664
MLS Listing,,Multi-Family (2-4 Unit),5007 N Lawndale Ave,Chicago,IL,60625,684000,6,3.5,CHI - Albany Park,,3750,1922,63,,,Active,,,https://www.redfin.com/IL/Chicago/5007-N-Lawndale-Ave-60625/home/13493351,MRED as Distributed by MLS Grid,12319717,N,Y,41.9722755,-87.7204922
MLS Listing,,Multi-Family (2-4 Unit),5710 W Leland Ave,Chicago,IL,60630,650000,9,3.0,CHI - Portage Park,,3178,1912,63,,,Active,,,https://www.redfin.com/IL/Chicago/5710-W-Leland-Ave-60630/home/13475651,MRED as Distributed by MLS Grid,12292862,N,Y,41.9661323,-87.7704325
MLS Listing,,Multi-Family (2-4 Unit),1522 W Wilson Ave,Chicago,IL,60640,899900,7,4.0,CHI - Uptown,,4791,1900,66,,,Active,,,https://www.redfin.com/IL/Chicago/1522-W-Wilson-Ave-60640/home/13394001,MRED as Distributed by MLS Grid,12317973,N,Y,41.9654555,-87.6687662
MLS Listing,,Condo/Co-op,3951 N Wayne Ave #205,Chicago,IL,60613,1079999,3,2.0,CHI - Lake View,1783,,2025,68,606,500,Active,,,https://www.redfin.com/IL/Chicago/3951-N-Wayne-Ave-60613/unit-205/home/194943049,MRED as Distributed by MLS Grid,12311121,N,Y,41.9538028,-87.6631402
MLS Listing,,Condo/Co-op,3951 N Wayne Ave #207,Chicago,IL,60613,1229999,4,3.5,CHI - Lake View,2045,,2025,68,601,500,Active,,,https://www.redfin.com/IL/Chicago/3951-N-Wayne-Ave-60613/unit-207/home/195088744,MRED as Distributed by MLS Grid,12315683,N,Y,41.9538028,-87.6631402
MLS Listing,,Condo/Co-op,3951 N Wayne Ave #107,Chicago,IL,60613,1049999,3,3.0,CHI - Lake View,1866,,2025,68,563,500,Active,,,https://www.redfin.com/IL/Chicago/3951-N-Wayne-Ave-60613/unit-107/home/195088577,MRED as Distributed by MLS Grid,12315667,N,Y,41.9538028,-87.6631402
MLS Listing,,Other,4351 N Western Ave,Chicago,IL,60618,924500,,,CHI - North Center,,2650,1940,71,,,Active,,,https://www.redfin.com/IL/Chicago/4351-N-Western-Ave-60618/home/13390918,MRED as Distributed by MLS Grid,12313632,N,Y,41.9609673,-87.6882897
MLS Listing,,Condo/Co-op,3909 N Sheridan Rd Unit 2H,Chicago,IL,60613,454900,2,2.0,CHI - Lake View,1600,,1902,72,284,430,Active,,,https://www.redfin.com/IL/Chicago/3909-N-Sheridan-Rd-60613/unit-2H/home/195060959,MRED as Distributed by MLS Grid,12312361,N,Y,41.9530116,-87.6543436
MLS Listing,,Single Family Residential,4923 W Winona St,Chicago,IL,60630,699900,6,3.5,CHI - Forest Glen,3870,,,73,181,,Active,,,https://www.redfin.com/IL/Chicago/4923-W-Winona-St-60630/home/13496879,MRED as Distributed by MLS Grid,12202172,N,Y,41.97419,-87.7514234
MLS Listing,,Other,2215 W Lawrence Ave,Chicago,IL,60625,799888,,,CHI - Lincoln Square,5000,3100,1934,74,160,,Active,,,https://www.redfin.com/IL/Chicago/2215-W-Lawrence-Ave-60625/home/13392128,MRED as Distributed by MLS Grid,12299316,N,Y,41.9685436,-87.6846547
MLS Listing,,Condo/Co-op,4956 N Lockwood Ave #1,Chicago,IL,60630,455999,3,2.5,CHI - Jefferson Park,2400,,2004,75,190,250,Active,,,https://www.redfin.com/IL/Chicago/4956-N-Lockwood-Ave-60630/unit-1/home/12597351,MRED as Distributed by MLS Grid,12304774,N,Y,41.9713996,-87.7604397
MLS Listing,,Vacant Land,5787 N Clifford Ave,Chicago,IL,60646,792000,5,3.0,CHI - Forest Glen,,11325,,75,,,Active,,,https://www.redfin.com/IL/Chicago/5787-N-Clifford-Ave-60646/home/13513094,MRED as Distributed by MLS Grid,12310488,N,Y,41.9857202,-87.7516062
MLS Listing,,Vacant Land,4025 W Montrose Ave,Chicago,IL,60641,599999,,,CHI - Irving Park,,6098,,75,,,Active,,,https://www.redfin.com/IL/Chicago/4025-W-Montrose-Ave-60641/home/195008354,MRED as Distributed by MLS Grid,12310383,N,Y,41.9607345,-87.7288734
MLS Listing,,Vacant Land,4387 N Elston Ave,Chicago,IL,60641,599999,,,CHI - Irving Park,,6098,,75,,,Active,,,https://www.redfin.com/IL/Chicago/4387-N-Elston-Ave-60641/home/195008175,MRED as Distributed by MLS Grid,12309324,N,Y,41.9606546,-87.7288353
MLS Listing,,Multi-Family (2-4 Unit),4837 N Sawyer Ave,Chicago,IL,60625,829900,9,5.0,CHI - Albany Park,,,1911,76,,,Active,,,https://www.redfin.com/IL/Chicago/4837-N-Sawyer-Ave-60625/home/13493134,MRED as Distributed by MLS Grid,12308998,N,Y,41.9695415,-87.7094033
MLS Listing,,Other,3055 W Lawrence Ave,Chicago,IL,60625,799000,,,CHI - Albany Park,4433,21780,1926,82,180,,Active,,,https://www.redfin.com/IL/Chicago/3055-W-Lawrence-Ave-60625/home/13489315,MRED as Distributed by MLS Grid,12298161,N,Y,41.9682707,-87.7057458
MLS Listing,,Single Family Residential,4047 N Oakley Ave,Chicago,IL,60618,795000,3,2.0,CHI - North Center,1888,3100,1896,83,421,,Active,,,https://www.redfin.com/IL/Chicago/4047-N-Oakley-Ave-60618/home/13391306,MRED as Distributed by MLS Grid,12301334,N,Y,41.9555033,-87.685855
MLS Listing,,Vacant Land,4301 W Montrose Ave,Chicago,IL,60641,1235000,,,CHI - Irving Park,,13939,,84,,,Active,,,https://www.redfin.com/IL/Chicago/4301-W-Montrose-Ave-60641/home/17557180,MRED as Distributed by MLS Grid,12174960,N,Y,41.9605669,-87.7360611
MLS Listing,,Condo/Co-op,5442 N Western Ave Unit 1A,Chicago,IL,60625,725000,4,3.0,CHI - Lincoln Square,2950,,2020,84,246,300,Active,,,https://www.redfin.com/IL/Chicago/5442-N-Western-Ave-60625/unit-1A/home/189771716,MRED as Distributed by MLS Grid,12302345,N,Y,41.9807775,-87.6896801
MLS Listing,,Condo/Co-op,2150 W Addison St #1,Chicago,IL,60618,900000,3,3.5,CHI - North Center,3000,,2005,86,300,87,Active,,,https://www.redfin.com/IL/Chicago/2150-W-Addison-St-60618/unit-1/home/12593425,MRED as Distributed by MLS Grid,12205721,N,Y,41.946975967,-87.68297015
MLS Listing,,Single Family Residential,5213 W Warner Ave,Chicago,IL,60641,544000,4,2.0,CHI - Portage Park,1618,3750,1916,88,336,,Active,,,https://www.redfin.com/IL/Chicago/5213-W-Warner-Ave-60641/home/13478690,MRED as Distributed by MLS Grid,12295871,N,Y,41.9558043,-87.7578624
MLS Listing,,Other,4544 N Western Ave,Chicago,IL,60625,1100000,,,CHI - Lincoln Square,4532,2700,1916,88,243,,Active,,,https://www.redfin.com/IL/Chicago/4544-N-Western-Ave-60625/home/13488347,MRED as Distributed by MLS Grid,12299896,N,Y,41.964514,-87.6891612
MLS Listing,,Multi-Family (2-4 Unit),3412 N Janssen Ave,Chicago,IL,60657,1225000,6,4.0,CHI - Lake View,,3125,1898,97,,,Active,,,https://www.redfin.com/IL/Chicago/3412-N-Janssen-Ave-60657/home/183906696,MRED as Distributed by MLS Grid,12292914,N,Y,41.9438724,-87.6654259
MLS Listing,,Multi-Family (5+ Unit),4919 N Lawndale Ave,Chicago,IL,60625,720000,9,5.0,CHI - Albany Park,,4375,1912,101,,,Active,,,https://www.redfin.com/IL/Chicago/4919-N-Lawndale-Ave-60625/home/50276548,MRED as Distributed by MLS Grid,12289128,N,Y,41.9707459,-87.720427
MLS Listing,,Single Family Residential,4551 W Foster Ave,Chicago,IL,60630,495000,3,2.0,CHI - Albany Park,980,,1960,105,505,,Active,,,https://www.redfin.com/IL/Chicago/4551-W-Foster-Ave-60630/home/13495569,MRED as Distributed by MLS Grid,12287438,N,Y,41.9751752,-87.7427198
MLS Listing,,Single Family Residential,4511 N Melvina Ave,Chicago,IL,60630,539000,7,3.0,CHI - Portage Park,1650,4064,1927,108,327,,Active,,,https://www.redfin.com/IL/Chicago/4511-N-Melvina-Ave-60630/home/13475284,MRED as Distributed by MLS Grid,12175445,N,Y,41.9624846,-87.7816793
MLS Listing,,Multi-Family (2-4 Unit),4741 N Keating Ave,Chicago,IL,60630,759900,4,2.0,Mayfair,,3750,1926,118,,,Active,,,https://www.redfin.com/IL/Chicago/4741-N-Keating-Ave-60630/home/193302526,MRED as Distributed by MLS Grid,12278922,N,Y,41.9674308,-87.7462667
MLS Listing,,Single Family Residential,4332 N Kenmore Ave,Chicago,IL,60613,899000,3,3.0,CHI - Uptown,3011,3500,1893,119,299,,Active,,,https://www.redfin.com/IL/Chicago/4332-N-Kenmore-Ave-60613/home/12555226,MRED as Distributed by MLS Grid,12275977,N,Y,41.9607831,-87.6566123
MLS Listing,,Vacant Land,2434 W Bryn Mawr Ave,Chicago,IL,60659,750000,,,CHI - West Ridge,,10250,,126,,,Active,,,https://www.redfin.com/IL/Chicago/2434-W-Bryn-Mawr-Ave-60659/home/194359667,MRED as Distributed by MLS Grid,12273925,N,Y,41.9834373,-87.6910323
MLS Listing,,Other,1964 W Lawrence Ave,Chicago,IL,60640,899000,,,CHI - Lincoln Square,,3720,1908,133,,,Active,,,https://www.redfin.com/IL/Chicago/1964-W-Lawrence-Ave-60640/home/13404055,MRED as Distributed by MLS Grid,12269859,N,Y,41.9690402,-87.6787147
MLS Listing,,Multi-Family (2-4 Unit),3341-3343 N Western Ave,Chicago,IL,60618,1100000,4,3.0,CHI - North Center,,3484,1960,143,,,Active,,,https://www.redfin.com/IL/Chicago/3341-N-Western-Ave-60618/home/13386572,MRED as Distributed by MLS Grid,12263709,N,Y,41.9425325,-87.6878317
MLS Listing,,Other,3307 W Irving Park Rd,Chicago,IL,60618,639000,,,CHI - Irving Park,2600,3125,1917,170,246,,Active,,,https://www.redfin.com/IL/Chicago/3307-W-Irving-Park-Rd-60618/home/13455295,MRED as Distributed by MLS Grid,12218211,N,Y,41.9536517,-87.7108089
MLS Listing,,Condo/Co-op,5555 N Sheridan Rd #1506,Chicago,IL,60640,480000,3,3.0,Edgewater Beach Apts,2000,,1929,187,240,3065,Active,,,https://www.redfin.com/IL/Chicago/5555-N-Sheridan-Rd-60640/unit-1506/home/189684226,MRED as Distributed by MLS Grid,12213775,N,Y,41.983333,-87.6546058
MLS Listing,,Other,5239 N Damen Ave,Chicago,IL,60625,1095000,,,CHI - Lincoln Square,6148,3596,1930,198,178,,Active,,,https://www.redfin.com/IL/Chicago/5239-N-Damen-Ave-60625/home/13405522,MRED as Distributed by MLS Grid,12203146,N,Y,41.9771562,-87.67918
MLS Listing,,Vacant Land,4106 N Mobile Ave,Chicago,IL,60634,649900,,,CHI - Portage Park,,16988,,199,,,Active,,,https://www.redfin.com/IL/Chicago/4106-N-Mobile-Ave-60634/home/13474228,MRED as Distributed by MLS Grid,12206033,N,Y,41.9550322,-87.784482
MLS Listing,,Other,4111 N Lincoln Ave,Chicago,IL,60618,1150000,,,CHI - North Center,,3125,1904,250,,,Active,,,https://www.redfin.com/IL/Chicago/4111-N-Lincoln-Ave-60618/home/192613149,MRED as Distributed by MLS Grid,12163513,N,Y,41.9564004,-87.679916
MLS Listing,,Other,3916 N Ashland Ave,Chicago,IL,60613,1199000,,,CHI - Lake View,3776,2875,1886,262,318,,Active,,,https://www.redfin.com/IL/Chicago/3916-N-Ashland-Ave-60613/home/13387399,MRED as Distributed by MLS Grid,12154566,N,Y,41.9530029,-87.6693625
MLS Listing,,Condo/Co-op,844 W Agatite Ave Unit 2W,Chicago,IL,60640,799000,4,3.5,CHI - Uptown,3200,,1922,424,250,563,Active,,,https://www.redfin.com/IL/Chicago/844-W-Agatite-Ave-60640/unit-2W/home/178368117,MRED as Distributed by MLS Grid,12015718,N,Y,41.9628698,-87.6516737
MLS Listing,,Other,4022 N Milwaukee Ave,Chicago,IL,60641,655000,,,CHI - Portage Park,,3600,1914,503,,,Active,,,https://www.redfin.com/IL/Chicago/4022-N-Milwaukee-Ave-60641/home/13476641,MRED as Distributed by MLS Grid,11958587,N,Y,41.953802,-87.7483557
MLS Listing,,Other,3701 N Elston Ave,Chicago,IL,60618,900000,,,CHI - Irving Park,5940,4217,1927,872,152,,Active,,,https://www.redfin.com/IL/Chicago/3701-N-Elston-Ave-60618/home/13455583,MRED as Distributed by MLS Grid,11481116,N,Y,41.9488376,-87.7117496
MLS Listing,,Other,2037 W Roscoe St,Chicago,IL,60618,875000,,,CHI - North Center,,3100,1908,872,,,Active,,,https://www.redfin.com/IL/Chicago/2037-W-Roscoe-St-60618/home/13387133,MRED as Distributed by MLS Grid,11183329,N,Y,41.9429245,-87.6799287
MLS Listing,,Vacant Land,3933 N Sheridan Rd,Chicago,IL,60613,1199000,,,,,3484,,1736,,,Active,,,https://www.redfin.com/IL/Chicago/Undisclosed-address-60613/home/113423524,MRED as Distributed by MLS Grid,10828452,N,Y,41.9537362,-87.6542392
MLS Listing,,Single Family Residential,4610 N Damen Ave,Chicago,IL,60625,950000,4,1.0,CHI - Lincoln Square,2041,5000,1892,2096,465,,Active,,,https://www.redfin.com/IL/Chicago/4610-N-Damen-Ave-60625/home/13392014,MRED as Distributed by MLS Grid,10502222,N,Y,41.9655145,-87.6794095
New Construction Plan,,Townhouse,Floorplans Plan,Chicago,IL,60640,534000,3,2.5,Chicago,1650,,,565,324,162,Active,,,https://www.redfin.com/IL/Chicago/Chicago/Floorplans/home/188391292,Zillow,5490D538147E,N,Y,41.9725817,-87.6566915
